,Training Acc,Training Loss,Validation Acc,Validation Loss,0
0,0.0234375,0.0859375,4.0713210105896,6.935715675354004,
